{"test_loss_a": 131.47449139850895, "test_rec_a": 131.474190217305, "test_kld_a": 0.00024132379671422445, "ep_loss": 5, "ep_rec": 5, "ep_kld": 5}